pilot_id,raw_label_type,normalized_label,example_raw_label,frequency,example_software,example_repository_url,primary_facet,proposed_facet,confidence,annotation_note
JOSS-001,joss_tag,visualization,Visualization,73,Pore2Chip,https://github.com/emsl-computing/pore2chip,,,,
JOSS-002,joss_tag,remote sensing,remote sensing,31,GrIML,https://github.com/geus-glaciology-and-climate/griml,,,,
JOSS-003,joss_tag,materials science,materials science,30,AutoEIS,https://github.com/autodial/autoeis,,,,
JOSS-004,joss_tag,robotics,robotics,28,constrained_manipulability,https://github.com/philip-long/constrained_manipulability,,,,
JOSS-005,joss_tag,classification,classification,19,Scikit-Longitudinal,https://github.com/simonprovost/scikit-longitudinal,,,,
JOSS-006,joss_tag,biomechanics,biomechanics,18,MocoExtendProblem,https://github.com/aravind-sundararajan/mocoextendproblem,,,,
JOSS-007,joss_tag,regression,regression,17,jtools,https://github.com/jacob-long/jtools,,,,
JOSS-008,joss_tag,database,Database,8,ParquetDB,https://github.com/lllangwv/parquetdb,,,,
JOSS-009,joss_tag,evolution,evolution,8,DendroPy 5,https://github.com/jeetsukumaran/dendropy,,,,
JOSS-010,joss_tag,c/c++,C/C++,6,VILLASnode,https://github.com/villasframework/node,,,,
JOSS-011,joss_tag,comets,comets,3,Gauss-Radau Small-body Simulator (GRSS),https://github.com/rahil-makadia/grss,,,,
JOSS-012,joss_tag,medical physics,Medical physics,3,PyOrthanc,https://github.com/gacou54/pyorthanc,,,,
JOSS-013,joss_tag,pharmacology,pharmacology,3,BioGears,https://github.com/biogearsengine/core,,,,
JOSS-014,joss_tag,vlbi,VLBI,3,ScatteringOptics.jl,https://github.com/ehtjulia/scatteringoptics.jl,,,,
JOSS-015,joss_tag,cern,CERN,2,Go-HEP,https://github.com/go-hep/hep,,,,
JOSS-016,joss_tag,enzyme,enzyme,2,substrateminer: A Python package to investigate protein substrate repertoires,https://github.com/dpp4researchgroup/substrateminer,,,,
JOSS-017,joss_tag,fast fourier transforms,Fast Fourier Transforms,2,NeuralFieldEq.jl,https://github.com/tiagoseq/neuralfieldeq.jl,,,,
JOSS-018,joss_tag,phase field,Phase field,2,PhaseFieldX,https://github.com/castillonmiguel/phasefieldx,,,,
JOSS-019,joss_tag,safety,Safety,2,c212,https://github.com/rcarragh/c212,,,,
JOSS-020,joss_tag,artificial bee colony,artificial bee colony,1,ECabc,https://github.com/ecrl/ecabc,,,,
JOSS-021,joss_tag,equivariance,equivariance,1,Speckle Cn2 Profiler: Improving Satellite Communications with Machine Learning,https://github.com/males-project/specklecn2profiler.git,,,,
JOSS-022,joss_tag,nleis,NLEIS,1,nleis.py,https://github.com/yuefan98/nleis.py,,,,
JOSS-023,joss_tag,ring-current,ring-current,1,SphericalScattering,https://github.com/hobezwe/sphericalscattering.jl,,,,
JOSS-024,joss_tag,secure-hashing,secure-hashing,1,LibSWIFFT - A fast C/C++ Library for the SWIFFT Secure Homomorphic Hash Function,https://github.com/gvilitechltd/libswifft,,,,
JOSS-025,joss_tag,tokamak,tokamak,1,Pyrokinetics - A Python library to standardise gyrokinetic analysis,https://github.com/pyro-kinetics/pyrokinetics,,,,
JOSS-026,repository_topic,python,python,467,Pore2Chip,https://github.com/emsl-computing/pore2chip,,,,
JOSS-027,repository_topic,peer-reviewed,peer-reviewed,21,PostcodesioR,https://github.com/ropensci/postcodesior,,,,
JOSS-028,repository_topic,fortran,fortran,18,CaNS-Fizzy,https://github.com/cans-world/cans-fizzy,,,,
JOSS-029,repository_topic,molecular-dynamics,molecular-dynamics,14,asyncmd,https://github.com/bio-phys/asyncmd,,,,
JOSS-030,repository_topic,meteorology,meteorology,12,SounderPy,https://github.com/kylejgillett/sounderpy,,,,
JOSS-031,repository_topic,computer-vision,computer-vision,10,Syclops,https://github.com/dfki-ni/syclops,,,,
JOSS-032,repository_topic,fem,fem,10,PhaseFieldX,https://github.com/castillonmiguel/phasefieldx,,,,
JOSS-033,repository_topic,molecular-dynamics-simulation,molecular-dynamics-simulation,5,asyncmd,https://github.com/bio-phys/asyncmd,,,,
JOSS-034,repository_topic,nasa,nasa,5,modisfast,https://github.com/ptaconet/modisfast,,,,
JOSS-035,repository_topic,emissions,emissions,4,Emiproc,https://github.com/c2sm-rcm/emiproc,,,,
JOSS-036,repository_topic,stochastic,stochastic,4,SpiDy.jl,https://github.com/quantum-exeter/spidy.jl,,,,
JOSS-037,repository_topic,convex-optimization,convex-optimization,3,Scientific Computational Imaging Code (SCICO),https://github.com/lanl/scico,,,,
JOSS-038,repository_topic,covid19,covid19,3,Nextclade,https://github.com/nextstrain/nextclade,,,,
JOSS-039,repository_topic,microbiology,microbiology,3,Binette,https://github.com/genotoul-bioinfo/binette,,,,
JOSS-040,repository_topic,conversion,conversion,2,rdata,https://github.com/vnmabus/rdata,,,,
JOSS-041,repository_topic,correlations,correlations,2,Methods and Algorithms for Correlation Analysis in R,https://github.com/easystats/correlation,,,,
JOSS-042,repository_topic,cplusplus-20,cplusplus-20,2,Quilë,https://github.com/ttarkowski/quile,,,,
JOSS-043,repository_topic,multi-fidelity,multi-fidelity,2,DeepHyper,https://github.com/deephyper/deephyper,,,,
JOSS-044,repository_topic,nii,nii,2,miet,https://gitlab.inria.fr/miet/miet,,,,
JOSS-045,repository_topic,bioconductor-packages,bioconductor-packages,1,biotmle,https://github.com/nhejazi/biotmle,,,,
JOSS-046,repository_topic,distmesh,distmesh,1,SeismicMesh,https://github.com/krober10nd/seismicmesh,,,,
JOSS-047,repository_topic,low-discrepancy-sequence,low-discrepancy-sequence,1,lintsampler,https://github.com/aneeshnaik/lintsampler,,,,
JOSS-048,repository_topic,packed-bed,packed-bed,1,OpenTerrace,https://github.com/openterrace/openterrace-python,,,,
JOSS-049,repository_topic,spherical-geometry,spherical-geometry,1,Stripy,https://github.com/underworldcode/stripy,,,,
JOSS-050,repository_topic,wolfram-language,wolfram-language,1,IGraph/M,https://github.com/szhorvat/igraphm,,,,
